{"neck_L": 14.5861157414853, "neck_R": 18.584378832558798, "shoulder_slope": 0.034486472606658936, "torso_angle": 100.6570038582567}